{"cameraMode":{"drawMode":0,"name":"Shaded","section":"Shading Mode"},"sceneLighting":false,"audioPlay":false,"sceneViewState":{"showFog":true,"showMaterialUpdate":false,"showSkybox":true,"showFlares":true,"showImageEffects":true,"showParticleSystems":true},"in2DMode":false,"pivot":{"x":-1.409999966621399,"y":-0.08999991416931153,"z":-40.52821731567383},"rotation":{"x":-0.1896120309829712,"y":0.021200159564614297,"z":-0.004110341425985098,"w":-0.981633186340332},"size":7.947356700897217,"orthographic":false}