{"cameraMode":{"drawMode":0,"name":"Shaded","section":"Shading Mode"},"sceneLighting":false,"audioPlay":false,"sceneViewState":{"showFog":true,"showMaterialUpdate":false,"showSkybox":true,"showFlares":true,"showImageEffects":true,"showParticleSystems":true},"in2DMode":false,"pivot":{"x":5.179999828338623,"y":2.690000057220459,"z":0.0},"rotation":{"x":0.07223854959011078,"y":0.01645357348024845,"z":-0.0011736390879377723,"w":0.9972639083862305},"size":6.6780524253845219,"orthographic":false}